X,Y,tree_density
43.00691578507424,-81.30287125447495,335
43.007370282383235,-81.30287125447495,230
43.00782477969224,-81.30287125447495,202
43.008279277001236,-81.30287125447495,172
43.008733774310244,-81.30287125447495,164
43.00918827161924,-81.30287125447495,203
43.00964276892823,-81.30287125447495,126
43.01009726623724,-81.30287125447495,268
43.01055176354623,-81.30287125447495,186
43.01100626085524,-81.30287125447495,217
43.01146075816423,-81.30287125447495,210
43.01191525547324,-81.30287125447495,253
43.012369752782234,-81.30287125447495,199
43.01282425009124,-81.30287125447495,249
43.013278747400236,-81.30287125447495,238
43.01373324470924,-81.30287125447495,187
43.01418774201824,-81.30287125447495,142
43.01464223932724,-81.30287125447495,172
43.01509673663624,-81.30287125447495,189
43.01555123394523,-81.30287125447495,92
43.01600573125424,-81.30287125447495,116
43.01646022856323,-81.30287125447495,129
43.01691472587224,-81.30287125447495,203
43.017369223181234,-81.30287125447495,338
43.01782372049024,-81.30287125447495,353
43.018278217799235,-81.30287125447495,331
43.01873271510824,-81.30287125447495,372
43.019187212417236,-81.30287125447495,354
43.019641709726244,-81.30287125447495,304
43.02009620703524,-81.30287125447495,247
43.02055070434423,-81.30287125447495,263
43.02100520165324,-81.30287125447495,306
43.02145969896223,-81.30287125447495,316
43.02191419627124,-81.30287125447495,351
43.02236869358023,-81.30287125447495,254
43.02282319088924,-81.30287125447495,285
43.023277688198235,-81.30287125447495,257
43.02373218550724,-81.30287125447495,234
43.024186682816236,-81.30287125447495,309
43.02464118012524,-81.30287125447495,280
43.02509567743424,-81.30287125447495,237
43.02555017474324,-81.30287125447495,236
43.02600467205224,-81.30287125447495,220
43.02645916936123,-81.30287125447495,214
43.02691366667024,-81.30287125447495,234
43.02736816397923,-81.30287125447495,243
43.02782266128824,-81.30287125447495,183
43.028277158597234,-81.30287125447495,206
43.02873165590624,-81.30287125447495,276
43.029186153215235,-81.30287125447495,250
43.00691578507424,-81.30104708359494,335
43.007370282383235,-81.30104708359494,230
43.00782477969224,-81.30104708359494,202
43.008279277001236,-81.30104708359494,172
43.008733774310244,-81.30104708359494,164
43.00918827161924,-81.30104708359494,203
43.00964276892823,-81.30104708359494,126
43.01009726623724,-81.30104708359494,268
43.01055176354623,-81.30104708359494,186
43.01100626085524,-81.30104708359494,217
43.01146075816423,-81.30104708359494,210
43.01191525547324,-81.30104708359494,253
43.012369752782234,-81.30104708359494,199
43.01282425009124,-81.30104708359494,249
43.013278747400236,-81.30104708359494,238
43.01373324470924,-81.30104708359494,187
43.01418774201824,-81.30104708359494,142
43.01464223932724,-81.30104708359494,172
43.01509673663624,-81.30104708359494,189
43.01555123394523,-81.30104708359494,92
43.01600573125424,-81.30104708359494,116
43.01646022856323,-81.30104708359494,129
43.01691472587224,-81.30104708359494,203
43.017369223181234,-81.30104708359494,338
43.01782372049024,-81.30104708359494,353
43.018278217799235,-81.30104708359494,331
43.01873271510824,-81.30104708359494,372
43.019187212417236,-81.30104708359494,354
43.019641709726244,-81.30104708359494,304
43.02009620703524,-81.30104708359494,247
43.02055070434423,-81.30104708359494,263
43.02100520165324,-81.30104708359494,306
43.02145969896223,-81.30104708359494,316
43.02191419627124,-81.30104708359494,351
43.02236869358023,-81.30104708359494,254
43.02282319088924,-81.30104708359494,285
43.023277688198235,-81.30104708359494,257
43.02373218550724,-81.30104708359494,234
43.024186682816236,-81.30104708359494,309
43.02464118012524,-81.30104708359494,280
43.02509567743424,-81.30104708359494,237
43.02555017474324,-81.30104708359494,236
43.02600467205224,-81.30104708359494,220
43.02645916936123,-81.30104708359494,214
43.02691366667024,-81.30104708359494,234
43.02736816397923,-81.30104708359494,243
43.02782266128824,-81.30104708359494,183
43.028277158597234,-81.30104708359494,206
43.02873165590624,-81.30104708359494,276
43.029186153215235,-81.30104708359494,250
43.00691578507424,-81.29922291271495,335
43.007370282383235,-81.29922291271495,230
43.00782477969224,-81.29922291271495,202
43.008279277001236,-81.29922291271495,172
43.008733774310244,-81.29922291271495,164
43.00918827161924,-81.29922291271495,203
43.00964276892823,-81.29922291271495,126
43.01009726623724,-81.29922291271495,268
43.01055176354623,-81.29922291271495,186
43.01100626085524,-81.29922291271495,217
43.01146075816423,-81.29922291271495,210
43.01191525547324,-81.29922291271495,253
43.012369752782234,-81.29922291271495,199
43.01282425009124,-81.29922291271495,249
43.013278747400236,-81.29922291271495,238
43.01373324470924,-81.29922291271495,187
43.01418774201824,-81.29922291271495,142
43.01464223932724,-81.29922291271495,172
43.01509673663624,-81.29922291271495,189
43.01555123394523,-81.29922291271495,92
43.01600573125424,-81.29922291271495,116
43.01646022856323,-81.29922291271495,129
43.01691472587224,-81.29922291271495,203
43.017369223181234,-81.29922291271495,338
43.01782372049024,-81.29922291271495,353
43.018278217799235,-81.29922291271495,331
43.01873271510824,-81.29922291271495,372
43.019187212417236,-81.29922291271495,354
43.019641709726244,-81.29922291271495,304
43.02009620703524,-81.29922291271495,247
43.02055070434423,-81.29922291271495,263
43.02100520165324,-81.29922291271495,306
43.02145969896223,-81.29922291271495,316
43.02191419627124,-81.29922291271495,351
43.02236869358023,-81.29922291271495,254
43.02282319088924,-81.29922291271495,285
43.023277688198235,-81.29922291271495,257
43.02373218550724,-81.29922291271495,234
43.024186682816236,-81.29922291271495,309
43.02464118012524,-81.29922291271495,280
43.02509567743424,-81.29922291271495,237
43.02555017474324,-81.29922291271495,236
43.02600467205224,-81.29922291271495,220
43.02645916936123,-81.29922291271495,214
43.02691366667024,-81.29922291271495,234
43.02736816397923,-81.29922291271495,243
43.02782266128824,-81.29922291271495,183
43.028277158597234,-81.29922291271495,206
43.02873165590624,-81.29922291271495,276
43.029186153215235,-81.29922291271495,250
43.00691578507424,-81.29739874183494,335
43.007370282383235,-81.29739874183494,230
43.00782477969224,-81.29739874183494,202
43.008279277001236,-81.29739874183494,172
43.008733774310244,-81.29739874183494,164
43.00918827161924,-81.29739874183494,203
43.00964276892823,-81.29739874183494,126
43.01009726623724,-81.29739874183494,268
43.01055176354623,-81.29739874183494,186
43.01100626085524,-81.29739874183494,217
43.01146075816423,-81.29739874183494,210
43.01191525547324,-81.29739874183494,253
43.012369752782234,-81.29739874183494,199
43.01282425009124,-81.29739874183494,249
43.013278747400236,-81.29739874183494,238
43.01373324470924,-81.29739874183494,187
43.01418774201824,-81.29739874183494,142
43.01464223932724,-81.29739874183494,172
43.01509673663624,-81.29739874183494,189
43.01555123394523,-81.29739874183494,92
43.01600573125424,-81.29739874183494,116
43.01646022856323,-81.29739874183494,129
43.01691472587224,-81.29739874183494,203
43.017369223181234,-81.29739874183494,338
43.01782372049024,-81.29739874183494,353
43.018278217799235,-81.29739874183494,331
43.01873271510824,-81.29739874183494,372
43.019187212417236,-81.29739874183494,354
43.019641709726244,-81.29739874183494,304
43.02009620703524,-81.29739874183494,247
43.02055070434423,-81.29739874183494,263
43.02100520165324,-81.29739874183494,306
43.02145969896223,-81.29739874183494,316
43.02191419627124,-81.29739874183494,351
43.02236869358023,-81.29739874183494,254
43.02282319088924,-81.29739874183494,285
43.023277688198235,-81.29739874183494,257
43.02373218550724,-81.29739874183494,234
43.024186682816236,-81.29739874183494,309
43.02464118012524,-81.29739874183494,280
43.02509567743424,-81.29739874183494,237
43.02555017474324,-81.29739874183494,236
43.02600467205224,-81.29739874183494,220
43.02645916936123,-81.29739874183494,214
43.02691366667024,-81.29739874183494,234
43.02736816397923,-81.29739874183494,243
43.02782266128824,-81.29739874183494,183
43.028277158597234,-81.29739874183494,206
43.02873165590624,-81.29739874183494,276
43.029186153215235,-81.29739874183494,250
43.00691578507424,-81.29557457095495,335
43.007370282383235,-81.29557457095495,230
43.00782477969224,-81.29557457095495,202
43.008279277001236,-81.29557457095495,172
43.008733774310244,-81.29557457095495,164
43.00918827161924,-81.29557457095495,203
43.00964276892823,-81.29557457095495,126
43.01009726623724,-81.29557457095495,268
43.01055176354623,-81.29557457095495,186
43.01100626085524,-81.29557457095495,217
43.01146075816423,-81.29557457095495,210
43.01191525547324,-81.29557457095495,253
43.012369752782234,-81.29557457095495,199
43.01282425009124,-81.29557457095495,249
43.013278747400236,-81.29557457095495,238
43.01373324470924,-81.29557457095495,187
43.01418774201824,-81.29557457095495,142
43.01464223932724,-81.29557457095495,172
43.01509673663624,-81.29557457095495,189
43.01555123394523,-81.29557457095495,92
43.01600573125424,-81.29557457095495,116
43.01646022856323,-81.29557457095495,129
43.01691472587224,-81.29557457095495,203
43.017369223181234,-81.29557457095495,338
43.01782372049024,-81.29557457095495,353
43.018278217799235,-81.29557457095495,331
43.01873271510824,-81.29557457095495,372
43.019187212417236,-81.29557457095495,354
43.019641709726244,-81.29557457095495,304
43.02009620703524,-81.29557457095495,247
43.02055070434423,-81.29557457095495,263
43.02100520165324,-81.29557457095495,306
43.02145969896223,-81.29557457095495,316
43.02191419627124,-81.29557457095495,351
43.02236869358023,-81.29557457095495,254
43.02282319088924,-81.29557457095495,285
43.023277688198235,-81.29557457095495,257
43.02373218550724,-81.29557457095495,234
43.024186682816236,-81.29557457095495,309
43.02464118012524,-81.29557457095495,280
43.02509567743424,-81.29557457095495,237
43.02555017474324,-81.29557457095495,236
43.02600467205224,-81.29557457095495,220
43.02645916936123,-81.29557457095495,214
43.02691366667024,-81.29557457095495,234
43.02736816397923,-81.29557457095495,243
43.02782266128824,-81.29557457095495,183
43.028277158597234,-81.29557457095495,206
43.02873165590624,-81.29557457095495,276
43.029186153215235,-81.29557457095495,250
43.00691578507424,-81.29375040007494,335
43.007370282383235,-81.29375040007494,230
43.00782477969224,-81.29375040007494,202
43.008279277001236,-81.29375040007494,172
43.008733774310244,-81.29375040007494,164
43.00918827161924,-81.29375040007494,203
43.00964276892823,-81.29375040007494,126
43.01009726623724,-81.29375040007494,268
43.01055176354623,-81.29375040007494,186
43.01100626085524,-81.29375040007494,217
43.01146075816423,-81.29375040007494,210
43.01191525547324,-81.29375040007494,253
43.012369752782234,-81.29375040007494,199
43.01282425009124,-81.29375040007494,249
43.013278747400236,-81.29375040007494,238
43.01373324470924,-81.29375040007494,187
43.01418774201824,-81.29375040007494,142
43.01464223932724,-81.29375040007494,172
43.01509673663624,-81.29375040007494,189
43.01555123394523,-81.29375040007494,92
43.01600573125424,-81.29375040007494,116
43.01646022856323,-81.29375040007494,129
43.01691472587224,-81.29375040007494,203
43.017369223181234,-81.29375040007494,338
43.01782372049024,-81.29375040007494,353
43.018278217799235,-81.29375040007494,331
43.01873271510824,-81.29375040007494,372
43.019187212417236,-81.29375040007494,354
43.019641709726244,-81.29375040007494,304
43.02009620703524,-81.29375040007494,247
43.02055070434423,-81.29375040007494,263
43.02100520165324,-81.29375040007494,306
43.02145969896223,-81.29375040007494,316
43.02191419627124,-81.29375040007494,351
43.02236869358023,-81.29375040007494,254
43.02282319088924,-81.29375040007494,285
43.023277688198235,-81.29375040007494,257
43.02373218550724,-81.29375040007494,234
43.024186682816236,-81.29375040007494,309
43.02464118012524,-81.29375040007494,280
43.02509567743424,-81.29375040007494,237
43.02555017474324,-81.29375040007494,236
43.02600467205224,-81.29375040007494,220
43.02645916936123,-81.29375040007494,214
43.02691366667024,-81.29375040007494,234
43.02736816397923,-81.29375040007494,243
43.02782266128824,-81.29375040007494,183
43.028277158597234,-81.29375040007494,206
43.02873165590624,-81.29375040007494,276
43.029186153215235,-81.29375040007494,250
43.00691578507424,-81.29192622919496,335
43.007370282383235,-81.29192622919496,230
43.00782477969224,-81.29192622919496,202
43.008279277001236,-81.29192622919496,172
43.008733774310244,-81.29192622919496,164
43.00918827161924,-81.29192622919496,203
43.00964276892823,-81.29192622919496,126
43.01009726623724,-81.29192622919496,268
43.01055176354623,-81.29192622919496,186
43.01100626085524,-81.29192622919496,217
43.01146075816423,-81.29192622919496,210
43.01191525547324,-81.29192622919496,253
43.012369752782234,-81.29192622919496,199
43.01282425009124,-81.29192622919496,249
43.013278747400236,-81.29192622919496,238
43.01373324470924,-81.29192622919496,187
43.01418774201824,-81.29192622919496,142
43.01464223932724,-81.29192622919496,172
43.01509673663624,-81.29192622919496,189
43.01555123394523,-81.29192622919496,92
43.01600573125424,-81.29192622919496,116
43.01646022856323,-81.29192622919496,129
43.01691472587224,-81.29192622919496,203
43.017369223181234,-81.29192622919496,338
43.01782372049024,-81.29192622919496,353
43.018278217799235,-81.29192622919496,331
43.01873271510824,-81.29192622919496,372
43.019187212417236,-81.29192622919496,354
43.019641709726244,-81.29192622919496,304
43.02009620703524,-81.29192622919496,247
43.02055070434423,-81.29192622919496,263
43.02100520165324,-81.29192622919496,306
43.02145969896223,-81.29192622919496,316
43.02191419627124,-81.29192622919496,351
43.02236869358023,-81.29192622919496,254
43.02282319088924,-81.29192622919496,285
43.023277688198235,-81.29192622919496,257
43.02373218550724,-81.29192622919496,234
43.024186682816236,-81.29192622919496,309
43.02464118012524,-81.29192622919496,280
43.02509567743424,-81.29192622919496,237
43.02555017474324,-81.29192622919496,236
43.02600467205224,-81.29192622919496,220
43.02645916936123,-81.29192622919496,214
43.02691366667024,-81.29192622919496,234
43.02736816397923,-81.29192622919496,243
43.02782266128824,-81.29192622919496,183
43.028277158597234,-81.29192622919496,206
43.02873165590624,-81.29192622919496,276
43.029186153215235,-81.29192622919496,250
43.00691578507424,-81.29010205831494,335
43.007370282383235,-81.29010205831494,230
43.00782477969224,-81.29010205831494,202
43.008279277001236,-81.29010205831494,172
43.008733774310244,-81.29010205831494,164
43.00918827161924,-81.29010205831494,203
43.00964276892823,-81.29010205831494,126
43.01009726623724,-81.29010205831494,268
43.01055176354623,-81.29010205831494,186
43.01100626085524,-81.29010205831494,217
43.01146075816423,-81.29010205831494,210
43.01191525547324,-81.29010205831494,253
43.012369752782234,-81.29010205831494,199
43.01282425009124,-81.29010205831494,249
43.013278747400236,-81.29010205831494,238
43.01373324470924,-81.29010205831494,187
43.01418774201824,-81.29010205831494,142
43.01464223932724,-81.29010205831494,172
43.01509673663624,-81.29010205831494,189
43.01555123394523,-81.29010205831494,92
43.01600573125424,-81.29010205831494,116
43.01646022856323,-81.29010205831494,129
43.01691472587224,-81.29010205831494,203
43.017369223181234,-81.29010205831494,338
43.01782372049024,-81.29010205831494,353
43.018278217799235,-81.29010205831494,331
43.01873271510824,-81.29010205831494,372
43.019187212417236,-81.29010205831494,354
43.019641709726244,-81.29010205831494,304
43.02009620703524,-81.29010205831494,247
43.02055070434423,-81.29010205831494,263
43.02100520165324,-81.29010205831494,306
43.02145969896223,-81.29010205831494,316
43.02191419627124,-81.29010205831494,351
43.02236869358023,-81.29010205831494,254
43.02282319088924,-81.29010205831494,285
43.023277688198235,-81.29010205831494,257
43.02373218550724,-81.29010205831494,234
43.024186682816236,-81.29010205831494,309
43.02464118012524,-81.29010205831494,280
43.02509567743424,-81.29010205831494,237
43.02555017474324,-81.29010205831494,236
43.02600467205224,-81.29010205831494,220
43.02645916936123,-81.29010205831494,214
43.02691366667024,-81.29010205831494,234
43.02736816397923,-81.29010205831494,243
43.02782266128824,-81.29010205831494,183
43.028277158597234,-81.29010205831494,206
43.02873165590624,-81.29010205831494,276
43.029186153215235,-81.29010205831494,250
43.00691578507424,-81.28827788743493,335
43.007370282383235,-81.28827788743493,230
43.00782477969224,-81.28827788743493,202
43.008279277001236,-81.28827788743493,172
43.008733774310244,-81.28827788743493,164
43.00918827161924,-81.28827788743493,203
43.00964276892823,-81.28827788743493,126
43.01009726623724,-81.28827788743493,268
43.01055176354623,-81.28827788743493,186
43.01100626085524,-81.28827788743493,217
43.01146075816423,-81.28827788743493,210
43.01191525547324,-81.28827788743493,253
43.012369752782234,-81.28827788743493,199
43.01282425009124,-81.28827788743493,249
43.013278747400236,-81.28827788743493,238
43.01373324470924,-81.28827788743493,187
43.01418774201824,-81.28827788743493,142
43.01464223932724,-81.28827788743493,172
43.01509673663624,-81.28827788743493,189
43.01555123394523,-81.28827788743493,92
43.01600573125424,-81.28827788743493,116
43.01646022856323,-81.28827788743493,129
43.01691472587224,-81.28827788743493,203
43.017369223181234,-81.28827788743493,338
43.01782372049024,-81.28827788743493,353
43.018278217799235,-81.28827788743493,331
43.01873271510824,-81.28827788743493,372
43.019187212417236,-81.28827788743493,354
43.019641709726244,-81.28827788743493,304
43.02009620703524,-81.28827788743493,247
43.02055070434423,-81.28827788743493,263
43.02100520165324,-81.28827788743493,306
43.02145969896223,-81.28827788743493,316
43.02191419627124,-81.28827788743493,351
43.02236869358023,-81.28827788743493,254
43.02282319088924,-81.28827788743493,285
43.023277688198235,-81.28827788743493,257
43.02373218550724,-81.28827788743493,234
43.024186682816236,-81.28827788743493,309
43.02464118012524,-81.28827788743493,280
43.02509567743424,-81.28827788743493,237
43.02555017474324,-81.28827788743493,236
43.02600467205224,-81.28827788743493,220
43.02645916936123,-81.28827788743493,214
43.02691366667024,-81.28827788743493,234
43.02736816397923,-81.28827788743493,243
43.02782266128824,-81.28827788743493,183
43.028277158597234,-81.28827788743493,206
43.02873165590624,-81.28827788743493,276
43.029186153215235,-81.28827788743493,250
43.00691578507424,-81.28645371655495,335
43.007370282383235,-81.28645371655495,230
43.00782477969224,-81.28645371655495,202
43.008279277001236,-81.28645371655495,172
43.008733774310244,-81.28645371655495,164
43.00918827161924,-81.28645371655495,203
43.00964276892823,-81.28645371655495,126
43.01009726623724,-81.28645371655495,268
43.01055176354623,-81.28645371655495,186
43.01100626085524,-81.28645371655495,217
43.01146075816423,-81.28645371655495,210
43.01191525547324,-81.28645371655495,253
43.012369752782234,-81.28645371655495,199
43.01282425009124,-81.28645371655495,249
43.013278747400236,-81.28645371655495,238
43.01373324470924,-81.28645371655495,187
43.01418774201824,-81.28645371655495,142
43.01464223932724,-81.28645371655495,172
43.01509673663624,-81.28645371655495,189
43.01555123394523,-81.28645371655495,92
43.01600573125424,-81.28645371655495,116
43.01646022856323,-81.28645371655495,129
43.01691472587224,-81.28645371655495,203
43.017369223181234,-81.28645371655495,338
43.01782372049024,-81.28645371655495,353
43.018278217799235,-81.28645371655495,331
43.01873271510824,-81.28645371655495,372
43.019187212417236,-81.28645371655495,354
43.019641709726244,-81.28645371655495,304
43.02009620703524,-81.28645371655495,247
43.02055070434423,-81.28645371655495,263
43.02100520165324,-81.28645371655495,306
43.02145969896223,-81.28645371655495,316
43.02191419627124,-81.28645371655495,351
43.02236869358023,-81.28645371655495,254
43.02282319088924,-81.28645371655495,285
43.023277688198235,-81.28645371655495,257
43.02373218550724,-81.28645371655495,234
43.024186682816236,-81.28645371655495,309
43.02464118012524,-81.28645371655495,280
43.02509567743424,-81.28645371655495,237
43.02555017474324,-81.28645371655495,236
43.02600467205224,-81.28645371655495,220
43.02645916936123,-81.28645371655495,214
43.02691366667024,-81.28645371655495,234
43.02736816397923,-81.28645371655495,243
43.02782266128824,-81.28645371655495,183
43.028277158597234,-81.28645371655495,206
43.02873165590624,-81.28645371655495,276
43.029186153215235,-81.28645371655495,250
43.00691578507424,-81.28462954567493,335
43.007370282383235,-81.28462954567493,230
43.00782477969224,-81.28462954567493,202
43.008279277001236,-81.28462954567493,172
43.008733774310244,-81.28462954567493,164
43.00918827161924,-81.28462954567493,203
43.00964276892823,-81.28462954567493,126
43.01009726623724,-81.28462954567493,268
43.01055176354623,-81.28462954567493,186
43.01100626085524,-81.28462954567493,217
43.01146075816423,-81.28462954567493,210
43.01191525547324,-81.28462954567493,253
43.012369752782234,-81.28462954567493,199
43.01282425009124,-81.28462954567493,249
43.013278747400236,-81.28462954567493,238
43.01373324470924,-81.28462954567493,187
43.01418774201824,-81.28462954567493,142
43.01464223932724,-81.28462954567493,172
43.01509673663624,-81.28462954567493,189
43.01555123394523,-81.28462954567493,92
43.01600573125424,-81.28462954567493,116
43.01646022856323,-81.28462954567493,129
43.01691472587224,-81.28462954567493,203
43.017369223181234,-81.28462954567493,338
43.01782372049024,-81.28462954567493,353
43.018278217799235,-81.28462954567493,331
43.01873271510824,-81.28462954567493,372
43.019187212417236,-81.28462954567493,354
43.019641709726244,-81.28462954567493,304
43.02009620703524,-81.28462954567493,247
43.02055070434423,-81.28462954567493,263
43.02100520165324,-81.28462954567493,306
43.02145969896223,-81.28462954567493,316
43.02191419627124,-81.28462954567493,351
43.02236869358023,-81.28462954567493,254
43.02282319088924,-81.28462954567493,285
43.023277688198235,-81.28462954567493,257
43.02373218550724,-81.28462954567493,234
43.024186682816236,-81.28462954567493,309
43.02464118012524,-81.28462954567493,280
43.02509567743424,-81.28462954567493,237
43.02555017474324,-81.28462954567493,236
43.02600467205224,-81.28462954567493,220
43.02645916936123,-81.28462954567493,214
43.02691366667024,-81.28462954567493,234
43.02736816397923,-81.28462954567493,243
43.02782266128824,-81.28462954567493,183
43.028277158597234,-81.28462954567493,206
43.02873165590624,-81.28462954567493,276
43.029186153215235,-81.28462954567493,250
43.00691578507424,-81.28280537479495,335
43.007370282383235,-81.28280537479495,230
43.00782477969224,-81.28280537479495,202
43.008279277001236,-81.28280537479495,172
43.008733774310244,-81.28280537479495,164
43.00918827161924,-81.28280537479495,203
43.00964276892823,-81.28280537479495,126
43.01009726623724,-81.28280537479495,268
43.01055176354623,-81.28280537479495,186
43.01100626085524,-81.28280537479495,217
43.01146075816423,-81.28280537479495,210
43.01191525547324,-81.28280537479495,253
43.012369752782234,-81.28280537479495,199
43.01282425009124,-81.28280537479495,249
43.013278747400236,-81.28280537479495,238
43.01373324470924,-81.28280537479495,187
43.01418774201824,-81.28280537479495,142
43.01464223932724,-81.28280537479495,172
43.01509673663624,-81.28280537479495,189
43.01555123394523,-81.28280537479495,92
43.01600573125424,-81.28280537479495,116
43.01646022856323,-81.28280537479495,129
43.01691472587224,-81.28280537479495,203
43.017369223181234,-81.28280537479495,338
43.01782372049024,-81.28280537479495,353
43.018278217799235,-81.28280537479495,331
43.01873271510824,-81.28280537479495,372
43.019187212417236,-81.28280537479495,354
43.019641709726244,-81.28280537479495,304
43.02009620703524,-81.28280537479495,247
43.02055070434423,-81.28280537479495,263
43.02100520165324,-81.28280537479495,306
43.02145969896223,-81.28280537479495,316
43.02191419627124,-81.28280537479495,351
43.02236869358023,-81.28280537479495,254
43.02282319088924,-81.28280537479495,285
43.023277688198235,-81.28280537479495,257
43.02373218550724,-81.28280537479495,234
43.024186682816236,-81.28280537479495,309
43.02464118012524,-81.28280537479495,280
43.02509567743424,-81.28280537479495,237
43.02555017474324,-81.28280537479495,236
43.02600467205224,-81.28280537479495,220
43.02645916936123,-81.28280537479495,214
43.02691366667024,-81.28280537479495,234
43.02736816397923,-81.28280537479495,243
43.02782266128824,-81.28280537479495,183
43.028277158597234,-81.28280537479495,206
43.02873165590624,-81.28280537479495,276
43.029186153215235,-81.28280537479495,250
43.00691578507424,-81.28098120391493,335
43.007370282383235,-81.28098120391493,230
43.00782477969224,-81.28098120391493,202
43.008279277001236,-81.28098120391493,172
43.008733774310244,-81.28098120391493,164
43.00918827161924,-81.28098120391493,203
43.00964276892823,-81.28098120391493,126
43.01009726623724,-81.28098120391493,268
43.01055176354623,-81.28098120391493,186
43.01100626085524,-81.28098120391493,217
43.01146075816423,-81.28098120391493,210
43.01191525547324,-81.28098120391493,253
43.012369752782234,-81.28098120391493,199
43.01282425009124,-81.28098120391493,249
43.013278747400236,-81.28098120391493,238
43.01373324470924,-81.28098120391493,187
43.01418774201824,-81.28098120391493,142
43.01464223932724,-81.28098120391493,172
43.01509673663624,-81.28098120391493,189
43.01555123394523,-81.28098120391493,92
43.01600573125424,-81.28098120391493,116
43.01646022856323,-81.28098120391493,129
43.01691472587224,-81.28098120391493,203
43.017369223181234,-81.28098120391493,338
43.01782372049024,-81.28098120391493,353
43.018278217799235,-81.28098120391493,331
43.01873271510824,-81.28098120391493,372
43.019187212417236,-81.28098120391493,354
43.019641709726244,-81.28098120391493,304
43.02009620703524,-81.28098120391493,247
43.02055070434423,-81.28098120391493,263
43.02100520165324,-81.28098120391493,306
43.02145969896223,-81.28098120391493,316
43.02191419627124,-81.28098120391493,351
43.02236869358023,-81.28098120391493,254
43.02282319088924,-81.28098120391493,285
43.023277688198235,-81.28098120391493,257
43.02373218550724,-81.28098120391493,234
43.024186682816236,-81.28098120391493,309
43.02464118012524,-81.28098120391493,280
43.02509567743424,-81.28098120391493,237
43.02555017474324,-81.28098120391493,236
43.02600467205224,-81.28098120391493,220
43.02645916936123,-81.28098120391493,214
43.02691366667024,-81.28098120391493,234
43.02736816397923,-81.28098120391493,243
43.02782266128824,-81.28098120391493,183
43.028277158597234,-81.28098120391493,206
43.02873165590624,-81.28098120391493,276
43.029186153215235,-81.28098120391493,250
43.00691578507424,-81.27915703303495,335
43.007370282383235,-81.27915703303495,230
43.00782477969224,-81.27915703303495,202
43.008279277001236,-81.27915703303495,172
43.008733774310244,-81.27915703303495,164
43.00918827161924,-81.27915703303495,203
43.00964276892823,-81.27915703303495,126
43.01009726623724,-81.27915703303495,268
43.01055176354623,-81.27915703303495,186
43.01100626085524,-81.27915703303495,217
43.01146075816423,-81.27915703303495,210
43.01191525547324,-81.27915703303495,253
43.012369752782234,-81.27915703303495,199
43.01282425009124,-81.27915703303495,249
43.013278747400236,-81.27915703303495,238
43.01373324470924,-81.27915703303495,187
43.01418774201824,-81.27915703303495,142
43.01464223932724,-81.27915703303495,172
43.01509673663624,-81.27915703303495,189
43.01555123394523,-81.27915703303495,92
43.01600573125424,-81.27915703303495,116
43.01646022856323,-81.27915703303495,129
43.01691472587224,-81.27915703303495,203
43.017369223181234,-81.27915703303495,338
43.01782372049024,-81.27915703303495,353
43.018278217799235,-81.27915703303495,331
43.01873271510824,-81.27915703303495,372
43.019187212417236,-81.27915703303495,354
43.019641709726244,-81.27915703303495,304
43.02009620703524,-81.27915703303495,247
43.02055070434423,-81.27915703303495,263
43.02100520165324,-81.27915703303495,306
43.02145969896223,-81.27915703303495,316
43.02191419627124,-81.27915703303495,351
43.02236869358023,-81.27915703303495,254
43.02282319088924,-81.27915703303495,285
43.023277688198235,-81.27915703303495,257
43.02373218550724,-81.27915703303495,234
43.024186682816236,-81.27915703303495,309
43.02464118012524,-81.27915703303495,280
43.02509567743424,-81.27915703303495,237
43.02555017474324,-81.27915703303495,236
43.02600467205224,-81.27915703303495,220
43.02645916936123,-81.27915703303495,214
43.02691366667024,-81.27915703303495,234
43.02736816397923,-81.27915703303495,243
43.02782266128824,-81.27915703303495,183
43.028277158597234,-81.27915703303495,206
43.02873165590624,-81.27915703303495,276
43.029186153215235,-81.27915703303495,250
43.00691578507424,-81.27733286215494,335
43.007370282383235,-81.27733286215494,230
43.00782477969224,-81.27733286215494,202
43.008279277001236,-81.27733286215494,172
43.008733774310244,-81.27733286215494,164
43.00918827161924,-81.27733286215494,203
43.00964276892823,-81.27733286215494,126
43.01009726623724,-81.27733286215494,268
43.01055176354623,-81.27733286215494,186
43.01100626085524,-81.27733286215494,217
43.01146075816423,-81.27733286215494,210
43.01191525547324,-81.27733286215494,253
43.012369752782234,-81.27733286215494,199
43.01282425009124,-81.27733286215494,249
43.013278747400236,-81.27733286215494,238
43.01373324470924,-81.27733286215494,187
43.01418774201824,-81.27733286215494,142
43.01464223932724,-81.27733286215494,172
43.01509673663624,-81.27733286215494,189
43.01555123394523,-81.27733286215494,92
43.01600573125424,-81.27733286215494,116
43.01646022856323,-81.27733286215494,129
43.01691472587224,-81.27733286215494,203
43.017369223181234,-81.27733286215494,338
43.01782372049024,-81.27733286215494,353
43.018278217799235,-81.27733286215494,331
43.01873271510824,-81.27733286215494,372
43.019187212417236,-81.27733286215494,354
43.019641709726244,-81.27733286215494,304
43.02009620703524,-81.27733286215494,247
43.02055070434423,-81.27733286215494,263
43.02100520165324,-81.27733286215494,306
43.02145969896223,-81.27733286215494,316
43.02191419627124,-81.27733286215494,351
43.02236869358023,-81.27733286215494,254
43.02282319088924,-81.27733286215494,285
43.023277688198235,-81.27733286215494,257
43.02373218550724,-81.27733286215494,234
43.024186682816236,-81.27733286215494,309
43.02464118012524,-81.27733286215494,280
43.02509567743424,-81.27733286215494,237
43.02555017474324,-81.27733286215494,236
43.02600467205224,-81.27733286215494,220
43.02645916936123,-81.27733286215494,214
43.02691366667024,-81.27733286215494,234
43.02736816397923,-81.27733286215494,243
43.02782266128824,-81.27733286215494,183
43.028277158597234,-81.27733286215494,206
43.02873165590624,-81.27733286215494,276
43.029186153215235,-81.27733286215494,250
43.00691578507424,-81.27550869127495,335
43.007370282383235,-81.27550869127495,230
43.00782477969224,-81.27550869127495,202
43.008279277001236,-81.27550869127495,172
43.008733774310244,-81.27550869127495,164
43.00918827161924,-81.27550869127495,203
43.00964276892823,-81.27550869127495,126
43.01009726623724,-81.27550869127495,268
43.01055176354623,-81.27550869127495,186
43.01100626085524,-81.27550869127495,217
43.01146075816423,-81.27550869127495,210
43.01191525547324,-81.27550869127495,253
43.012369752782234,-81.27550869127495,199
43.01282425009124,-81.27550869127495,249
43.013278747400236,-81.27550869127495,238
43.01373324470924,-81.27550869127495,187
43.01418774201824,-81.27550869127495,142
43.01464223932724,-81.27550869127495,172
43.01509673663624,-81.27550869127495,189
43.01555123394523,-81.27550869127495,92
43.01600573125424,-81.27550869127495,116
43.01646022856323,-81.27550869127495,129
43.01691472587224,-81.27550869127495,203
43.017369223181234,-81.27550869127495,338
43.01782372049024,-81.27550869127495,353
43.018278217799235,-81.27550869127495,331
43.01873271510824,-81.27550869127495,372
43.019187212417236,-81.27550869127495,354
43.019641709726244,-81.27550869127495,304
43.02009620703524,-81.27550869127495,247
43.02055070434423,-81.27550869127495,263
43.02100520165324,-81.27550869127495,306
43.02145969896223,-81.27550869127495,316
43.02191419627124,-81.27550869127495,351
43.02236869358023,-81.27550869127495,254
43.02282319088924,-81.27550869127495,285
43.023277688198235,-81.27550869127495,257
43.02373218550724,-81.27550869127495,234
43.024186682816236,-81.27550869127495,309
43.02464118012524,-81.27550869127495,280
43.02509567743424,-81.27550869127495,237
43.02555017474324,-81.27550869127495,236
43.02600467205224,-81.27550869127495,220
43.02645916936123,-81.27550869127495,214
43.02691366667024,-81.27550869127495,234
43.02736816397923,-81.27550869127495,243
43.02782266128824,-81.27550869127495,183
43.028277158597234,-81.27550869127495,206
43.02873165590624,-81.27550869127495,276
43.029186153215235,-81.27550869127495,250
43.00691578507424,-81.27368452039494,335
43.007370282383235,-81.27368452039494,230
43.00782477969224,-81.27368452039494,202
43.008279277001236,-81.27368452039494,172
43.008733774310244,-81.27368452039494,164
43.00918827161924,-81.27368452039494,203
43.00964276892823,-81.27368452039494,126
43.01009726623724,-81.27368452039494,268
43.01055176354623,-81.27368452039494,186
43.01100626085524,-81.27368452039494,217
43.01146075816423,-81.27368452039494,210
43.01191525547324,-81.27368452039494,253
43.012369752782234,-81.27368452039494,199
43.01282425009124,-81.27368452039494,249
43.013278747400236,-81.27368452039494,238
43.01373324470924,-81.27368452039494,187
43.01418774201824,-81.27368452039494,142
43.01464223932724,-81.27368452039494,172
43.01509673663624,-81.27368452039494,189
43.01555123394523,-81.27368452039494,92
43.01600573125424,-81.27368452039494,116
43.01646022856323,-81.27368452039494,129
43.01691472587224,-81.27368452039494,203
43.017369223181234,-81.27368452039494,338
43.01782372049024,-81.27368452039494,353
43.018278217799235,-81.27368452039494,331
43.01873271510824,-81.27368452039494,372
43.019187212417236,-81.27368452039494,354
43.019641709726244,-81.27368452039494,304
43.02009620703524,-81.27368452039494,247
43.02055070434423,-81.27368452039494,263
43.02100520165324,-81.27368452039494,306
43.02145969896223,-81.27368452039494,316
43.02191419627124,-81.27368452039494,351
43.02236869358023,-81.27368452039494,254
43.02282319088924,-81.27368452039494,285
43.023277688198235,-81.27368452039494,257
43.02373218550724,-81.27368452039494,234
43.024186682816236,-81.27368452039494,309
43.02464118012524,-81.27368452039494,280
43.02509567743424,-81.27368452039494,237
43.02555017474324,-81.27368452039494,236
43.02600467205224,-81.27368452039494,220
43.02645916936123,-81.27368452039494,214
43.02691366667024,-81.27368452039494,234
43.02736816397923,-81.27368452039494,243
43.02782266128824,-81.27368452039494,183
43.028277158597234,-81.27368452039494,206
43.02873165590624,-81.27368452039494,276
43.029186153215235,-81.27368452039494,250
43.00691578507424,-81.27186034951495,335
43.007370282383235,-81.27186034951495,230
43.00782477969224,-81.27186034951495,202
43.008279277001236,-81.27186034951495,172
43.008733774310244,-81.27186034951495,164
43.00918827161924,-81.27186034951495,203
43.00964276892823,-81.27186034951495,126
43.01009726623724,-81.27186034951495,268
43.01055176354623,-81.27186034951495,186
43.01100626085524,-81.27186034951495,217
43.01146075816423,-81.27186034951495,210
43.01191525547324,-81.27186034951495,253
43.012369752782234,-81.27186034951495,199
43.01282425009124,-81.27186034951495,249
43.013278747400236,-81.27186034951495,238
43.01373324470924,-81.27186034951495,187
43.01418774201824,-81.27186034951495,142
43.01464223932724,-81.27186034951495,172
43.01509673663624,-81.27186034951495,189
43.01555123394523,-81.27186034951495,92
43.01600573125424,-81.27186034951495,116
43.01646022856323,-81.27186034951495,129
43.01691472587224,-81.27186034951495,203
43.017369223181234,-81.27186034951495,338
43.01782372049024,-81.27186034951495,353
43.018278217799235,-81.27186034951495,331
43.01873271510824,-81.27186034951495,372
43.019187212417236,-81.27186034951495,354
43.019641709726244,-81.27186034951495,304
43.02009620703524,-81.27186034951495,247
43.02055070434423,-81.27186034951495,263
43.02100520165324,-81.27186034951495,306
43.02145969896223,-81.27186034951495,316
43.02191419627124,-81.27186034951495,351
43.02236869358023,-81.27186034951495,254
43.02282319088924,-81.27186034951495,285
43.023277688198235,-81.27186034951495,257
43.02373218550724,-81.27186034951495,234
43.024186682816236,-81.27186034951495,309
43.02464118012524,-81.27186034951495,280
43.02509567743424,-81.27186034951495,237
43.02555017474324,-81.27186034951495,236
43.02600467205224,-81.27186034951495,220
43.02645916936123,-81.27186034951495,214
43.02691366667024,-81.27186034951495,234
43.02736816397923,-81.27186034951495,243
43.02782266128824,-81.27186034951495,183
43.028277158597234,-81.27186034951495,206
43.02873165590624,-81.27186034951495,276
43.029186153215235,-81.27186034951495,250
43.00691578507424,-81.27003617863494,335
43.007370282383235,-81.27003617863494,230
43.00782477969224,-81.27003617863494,202
43.008279277001236,-81.27003617863494,172
43.008733774310244,-81.27003617863494,164
43.00918827161924,-81.27003617863494,203
43.00964276892823,-81.27003617863494,126
43.01009726623724,-81.27003617863494,268
43.01055176354623,-81.27003617863494,186
43.01100626085524,-81.27003617863494,217
43.01146075816423,-81.27003617863494,210
43.01191525547324,-81.27003617863494,253
43.012369752782234,-81.27003617863494,199
43.01282425009124,-81.27003617863494,249
43.013278747400236,-81.27003617863494,238
43.01373324470924,-81.27003617863494,187
43.01418774201824,-81.27003617863494,142
43.01464223932724,-81.27003617863494,172
43.01509673663624,-81.27003617863494,189
43.01555123394523,-81.27003617863494,92
43.01600573125424,-81.27003617863494,116
43.01646022856323,-81.27003617863494,129
43.01691472587224,-81.27003617863494,203
43.017369223181234,-81.27003617863494,338
43.01782372049024,-81.27003617863494,353
43.018278217799235,-81.27003617863494,331
43.01873271510824,-81.27003617863494,372
43.019187212417236,-81.27003617863494,354
43.019641709726244,-81.27003617863494,304
43.02009620703524,-81.27003617863494,247
43.02055070434423,-81.27003617863494,263
43.02100520165324,-81.27003617863494,306
43.02145969896223,-81.27003617863494,316
43.02191419627124,-81.27003617863494,351
43.02236869358023,-81.27003617863494,254
43.02282319088924,-81.27003617863494,285
43.023277688198235,-81.27003617863494,257
43.02373218550724,-81.27003617863494,234
43.024186682816236,-81.27003617863494,309
43.02464118012524,-81.27003617863494,280
43.02509567743424,-81.27003617863494,237
43.02555017474324,-81.27003617863494,236
43.02600467205224,-81.27003617863494,220
43.02645916936123,-81.27003617863494,214
43.02691366667024,-81.27003617863494,234
43.02736816397923,-81.27003617863494,243
43.02782266128824,-81.27003617863494,183
43.028277158597234,-81.27003617863494,206
43.02873165590624,-81.27003617863494,276
43.029186153215235,-81.27003617863494,250
43.00691578507424,-81.26821200775495,335
43.007370282383235,-81.26821200775495,230
43.00782477969224,-81.26821200775495,202
43.008279277001236,-81.26821200775495,172
43.008733774310244,-81.26821200775495,164
43.00918827161924,-81.26821200775495,203
43.00964276892823,-81.26821200775495,126
43.01009726623724,-81.26821200775495,268
43.01055176354623,-81.26821200775495,186
43.01100626085524,-81.26821200775495,217
43.01146075816423,-81.26821200775495,210
43.01191525547324,-81.26821200775495,253
43.012369752782234,-81.26821200775495,199
43.01282425009124,-81.26821200775495,249
43.013278747400236,-81.26821200775495,238
43.01373324470924,-81.26821200775495,187
43.01418774201824,-81.26821200775495,142
43.01464223932724,-81.26821200775495,172
43.01509673663624,-81.26821200775495,189
43.01555123394523,-81.26821200775495,92
43.01600573125424,-81.26821200775495,116
43.01646022856323,-81.26821200775495,129
43.01691472587224,-81.26821200775495,203
43.017369223181234,-81.26821200775495,338
43.01782372049024,-81.26821200775495,353
43.018278217799235,-81.26821200775495,331
43.01873271510824,-81.26821200775495,372
43.019187212417236,-81.26821200775495,354
43.019641709726244,-81.26821200775495,304
43.02009620703524,-81.26821200775495,247
43.02055070434423,-81.26821200775495,263
43.02100520165324,-81.26821200775495,306
43.02145969896223,-81.26821200775495,316
43.02191419627124,-81.26821200775495,351
43.02236869358023,-81.26821200775495,254
43.02282319088924,-81.26821200775495,285
43.023277688198235,-81.26821200775495,257
43.02373218550724,-81.26821200775495,234
43.024186682816236,-81.26821200775495,309
43.02464118012524,-81.26821200775495,280
43.02509567743424,-81.26821200775495,237
43.02555017474324,-81.26821200775495,236
43.02600467205224,-81.26821200775495,220
43.02645916936123,-81.26821200775495,214
43.02691366667024,-81.26821200775495,234
43.02736816397923,-81.26821200775495,243
43.02782266128824,-81.26821200775495,183
43.028277158597234,-81.26821200775495,206
43.02873165590624,-81.26821200775495,276
43.029186153215235,-81.26821200775495,250
43.00691578507424,-81.26638783687494,335
43.007370282383235,-81.26638783687494,230
43.00782477969224,-81.26638783687494,202
43.008279277001236,-81.26638783687494,172
43.008733774310244,-81.26638783687494,164
43.00918827161924,-81.26638783687494,203
43.00964276892823,-81.26638783687494,126
43.01009726623724,-81.26638783687494,268
43.01055176354623,-81.26638783687494,186
43.01100626085524,-81.26638783687494,217
43.01146075816423,-81.26638783687494,210
43.01191525547324,-81.26638783687494,253
43.012369752782234,-81.26638783687494,199
43.01282425009124,-81.26638783687494,249
43.013278747400236,-81.26638783687494,238
43.01373324470924,-81.26638783687494,187
43.01418774201824,-81.26638783687494,142
43.01464223932724,-81.26638783687494,172
43.01509673663624,-81.26638783687494,189
43.01555123394523,-81.26638783687494,92
43.01600573125424,-81.26638783687494,116
43.01646022856323,-81.26638783687494,129
43.01691472587224,-81.26638783687494,203
43.017369223181234,-81.26638783687494,338
43.01782372049024,-81.26638783687494,353
43.018278217799235,-81.26638783687494,331
43.01873271510824,-81.26638783687494,372
43.019187212417236,-81.26638783687494,354
43.019641709726244,-81.26638783687494,304
43.02009620703524,-81.26638783687494,247
43.02055070434423,-81.26638783687494,263
43.02100520165324,-81.26638783687494,306
43.02145969896223,-81.26638783687494,316
43.02191419627124,-81.26638783687494,351
43.02236869358023,-81.26638783687494,254
43.02282319088924,-81.26638783687494,285
43.023277688198235,-81.26638783687494,257
43.02373218550724,-81.26638783687494,234
43.024186682816236,-81.26638783687494,309
43.02464118012524,-81.26638783687494,280
43.02509567743424,-81.26638783687494,237
43.02555017474324,-81.26638783687494,236
43.02600467205224,-81.26638783687494,220
43.02645916936123,-81.26638783687494,214
43.02691366667024,-81.26638783687494,234
43.02736816397923,-81.26638783687494,243
43.02782266128824,-81.26638783687494,183
43.028277158597234,-81.26638783687494,206
43.02873165590624,-81.26638783687494,276
43.029186153215235,-81.26638783687494,250
43.00691578507424,-81.26456366599496,335
43.007370282383235,-81.26456366599496,230
43.00782477969224,-81.26456366599496,202
43.008279277001236,-81.26456366599496,172
43.008733774310244,-81.26456366599496,164
43.00918827161924,-81.26456366599496,203
43.00964276892823,-81.26456366599496,126
43.01009726623724,-81.26456366599496,268
43.01055176354623,-81.26456366599496,186
43.01100626085524,-81.26456366599496,217
43.01146075816423,-81.26456366599496,210
43.01191525547324,-81.26456366599496,253
43.012369752782234,-81.26456366599496,199
43.01282425009124,-81.26456366599496,249
43.013278747400236,-81.26456366599496,238
43.01373324470924,-81.26456366599496,187
43.01418774201824,-81.26456366599496,142
43.01464223932724,-81.26456366599496,172
43.01509673663624,-81.26456366599496,189
43.01555123394523,-81.26456366599496,92
43.01600573125424,-81.26456366599496,116
43.01646022856323,-81.26456366599496,129
43.01691472587224,-81.26456366599496,203
43.017369223181234,-81.26456366599496,338
43.01782372049024,-81.26456366599496,353
43.018278217799235,-81.26456366599496,331
43.01873271510824,-81.26456366599496,372
43.019187212417236,-81.26456366599496,354
43.019641709726244,-81.26456366599496,304
43.02009620703524,-81.26456366599496,247
43.02055070434423,-81.26456366599496,263
43.02100520165324,-81.26456366599496,306
43.02145969896223,-81.26456366599496,316
43.02191419627124,-81.26456366599496,351
43.02236869358023,-81.26456366599496,254
43.02282319088924,-81.26456366599496,285
43.023277688198235,-81.26456366599496,257
43.02373218550724,-81.26456366599496,234
43.024186682816236,-81.26456366599496,309
43.02464118012524,-81.26456366599496,280
43.02509567743424,-81.26456366599496,237
43.02555017474324,-81.26456366599496,236
43.02600467205224,-81.26456366599496,220
43.02645916936123,-81.26456366599496,214
43.02691366667024,-81.26456366599496,234
43.02736816397923,-81.26456366599496,243
43.02782266128824,-81.26456366599496,183
43.028277158597234,-81.26456366599496,206
43.02873165590624,-81.26456366599496,276
43.029186153215235,-81.26456366599496,250
43.00691578507424,-81.26273949511494,335
43.007370282383235,-81.26273949511494,230
43.00782477969224,-81.26273949511494,202
43.008279277001236,-81.26273949511494,172
43.008733774310244,-81.26273949511494,164
43.00918827161924,-81.26273949511494,203
43.00964276892823,-81.26273949511494,126
43.01009726623724,-81.26273949511494,268
43.01055176354623,-81.26273949511494,186
43.01100626085524,-81.26273949511494,217
43.01146075816423,-81.26273949511494,210
43.01191525547324,-81.26273949511494,253
43.012369752782234,-81.26273949511494,199
43.01282425009124,-81.26273949511494,249
43.013278747400236,-81.26273949511494,238
43.01373324470924,-81.26273949511494,187
43.01418774201824,-81.26273949511494,142
43.01464223932724,-81.26273949511494,172
43.01509673663624,-81.26273949511494,189
43.01555123394523,-81.26273949511494,92
43.01600573125424,-81.26273949511494,116
43.01646022856323,-81.26273949511494,129
43.01691472587224,-81.26273949511494,203
43.017369223181234,-81.26273949511494,338
43.01782372049024,-81.26273949511494,353
43.018278217799235,-81.26273949511494,331
43.01873271510824,-81.26273949511494,372
43.019187212417236,-81.26273949511494,354
43.019641709726244,-81.26273949511494,304
43.02009620703524,-81.26273949511494,247
43.02055070434423,-81.26273949511494,263
43.02100520165324,-81.26273949511494,306
43.02145969896223,-81.26273949511494,316
43.02191419627124,-81.26273949511494,351
43.02236869358023,-81.26273949511494,254
43.02282319088924,-81.26273949511494,285
43.023277688198235,-81.26273949511494,257
43.02373218550724,-81.26273949511494,234
43.024186682816236,-81.26273949511494,309
43.02464118012524,-81.26273949511494,280
43.02509567743424,-81.26273949511494,237
43.02555017474324,-81.26273949511494,236
43.02600467205224,-81.26273949511494,220
43.02645916936123,-81.26273949511494,214
43.02691366667024,-81.26273949511494,234
43.02736816397923,-81.26273949511494,243
43.02782266128824,-81.26273949511494,183
43.028277158597234,-81.26273949511494,206
43.02873165590624,-81.26273949511494,276
43.029186153215235,-81.26273949511494,250
43.00691578507424,-81.26091532423494,335
43.007370282383235,-81.26091532423494,230
43.00782477969224,-81.26091532423494,202
43.008279277001236,-81.26091532423494,172
43.008733774310244,-81.26091532423494,164
43.00918827161924,-81.26091532423494,203
43.00964276892823,-81.26091532423494,126
43.01009726623724,-81.26091532423494,268
43.01055176354623,-81.26091532423494,186
43.01100626085524,-81.26091532423494,217
43.01146075816423,-81.26091532423494,210
43.01191525547324,-81.26091532423494,253
43.012369752782234,-81.26091532423494,199
43.01282425009124,-81.26091532423494,249
43.013278747400236,-81.26091532423494,238
43.01373324470924,-81.26091532423494,187
43.01418774201824,-81.26091532423494,142
43.01464223932724,-81.26091532423494,172
43.01509673663624,-81.26091532423494,189
43.01555123394523,-81.26091532423494,92
43.01600573125424,-81.26091532423494,116
43.01646022856323,-81.26091532423494,129
43.01691472587224,-81.26091532423494,203
43.017369223181234,-81.26091532423494,338
43.01782372049024,-81.26091532423494,353
43.018278217799235,-81.26091532423494,331
43.01873271510824,-81.26091532423494,372
43.019187212417236,-81.26091532423494,354
43.019641709726244,-81.26091532423494,304
43.02009620703524,-81.26091532423494,247
43.02055070434423,-81.26091532423494,263
43.02100520165324,-81.26091532423494,306
43.02145969896223,-81.26091532423494,316
43.02191419627124,-81.26091532423494,351
43.02236869358023,-81.26091532423494,254
43.02282319088924,-81.26091532423494,285
43.023277688198235,-81.26091532423494,257
43.02373218550724,-81.26091532423494,234
43.024186682816236,-81.26091532423494,309
43.02464118012524,-81.26091532423494,280
43.02509567743424,-81.26091532423494,237
43.02555017474324,-81.26091532423494,236
43.02600467205224,-81.26091532423494,220
43.02645916936123,-81.26091532423494,214
43.02691366667024,-81.26091532423494,234
43.02736816397923,-81.26091532423494,243
43.02782266128824,-81.26091532423494,183
43.028277158597234,-81.26091532423494,206
43.02873165590624,-81.26091532423494,276
43.029186153215235,-81.26091532423494,250
43.00691578507424,-81.25909115335494,335
43.007370282383235,-81.25909115335494,230
43.00782477969224,-81.25909115335494,202
43.008279277001236,-81.25909115335494,172
43.008733774310244,-81.25909115335494,164
43.00918827161924,-81.25909115335494,203
43.00964276892823,-81.25909115335494,126
43.01009726623724,-81.25909115335494,268
43.01055176354623,-81.25909115335494,186
43.01100626085524,-81.25909115335494,217
43.01146075816423,-81.25909115335494,210
43.01191525547324,-81.25909115335494,253
43.012369752782234,-81.25909115335494,199
43.01282425009124,-81.25909115335494,249
43.013278747400236,-81.25909115335494,238
43.01373324470924,-81.25909115335494,187
43.01418774201824,-81.25909115335494,142
43.01464223932724,-81.25909115335494,172
43.01509673663624,-81.25909115335494,189
43.01555123394523,-81.25909115335494,92
43.01600573125424,-81.25909115335494,116
43.01646022856323,-81.25909115335494,129
43.01691472587224,-81.25909115335494,203
43.017369223181234,-81.25909115335494,338
43.01782372049024,-81.25909115335494,353
43.018278217799235,-81.25909115335494,331
43.01873271510824,-81.25909115335494,372
43.019187212417236,-81.25909115335494,354
43.019641709726244,-81.25909115335494,304
43.02009620703524,-81.25909115335494,247
43.02055070434423,-81.25909115335494,263
43.02100520165324,-81.25909115335494,306
43.02145969896223,-81.25909115335494,316
43.02191419627124,-81.25909115335494,351
43.02236869358023,-81.25909115335494,254
43.02282319088924,-81.25909115335494,285
43.023277688198235,-81.25909115335494,257
43.02373218550724,-81.25909115335494,234
43.024186682816236,-81.25909115335494,309
43.02464118012524,-81.25909115335494,280
43.02509567743424,-81.25909115335494,237
43.02555017474324,-81.25909115335494,236
43.02600467205224,-81.25909115335494,220
43.02645916936123,-81.25909115335494,214
43.02691366667024,-81.25909115335494,234
43.02736816397923,-81.25909115335494,243
43.02782266128824,-81.25909115335494,183
43.028277158597234,-81.25909115335494,206
43.02873165590624,-81.25909115335494,276
43.029186153215235,-81.25909115335494,250
43.00691578507424,-81.25726698247493,335
43.007370282383235,-81.25726698247493,230
43.00782477969224,-81.25726698247493,202
43.008279277001236,-81.25726698247493,172
43.008733774310244,-81.25726698247493,164
43.00918827161924,-81.25726698247493,203
43.00964276892823,-81.25726698247493,126
43.01009726623724,-81.25726698247493,268
43.01055176354623,-81.25726698247493,186
43.01100626085524,-81.25726698247493,217
43.01146075816423,-81.25726698247493,210
43.01191525547324,-81.25726698247493,253
43.012369752782234,-81.25726698247493,199
43.01282425009124,-81.25726698247493,249
43.013278747400236,-81.25726698247493,238
43.01373324470924,-81.25726698247493,187
43.01418774201824,-81.25726698247493,142
43.01464223932724,-81.25726698247493,172
43.01509673663624,-81.25726698247493,189
43.01555123394523,-81.25726698247493,92
43.01600573125424,-81.25726698247493,116
43.01646022856323,-81.25726698247493,129
43.01691472587224,-81.25726698247493,203
43.017369223181234,-81.25726698247493,338
43.01782372049024,-81.25726698247493,353
43.018278217799235,-81.25726698247493,331
43.01873271510824,-81.25726698247493,372
43.019187212417236,-81.25726698247493,354
43.019641709726244,-81.25726698247493,304
43.02009620703524,-81.25726698247493,247
43.02055070434423,-81.25726698247493,263
43.02100520165324,-81.25726698247493,306
43.02145969896223,-81.25726698247493,316
43.02191419627124,-81.25726698247493,351
43.02236869358023,-81.25726698247493,254
43.02282319088924,-81.25726698247493,285
43.023277688198235,-81.25726698247493,257
43.02373218550724,-81.25726698247493,234
43.024186682816236,-81.25726698247493,309
43.02464118012524,-81.25726698247493,280
43.02509567743424,-81.25726698247493,237
43.02555017474324,-81.25726698247493,236
43.02600467205224,-81.25726698247493,220
43.02645916936123,-81.25726698247493,214
43.02691366667024,-81.25726698247493,234
43.02736816397923,-81.25726698247493,243
43.02782266128824,-81.25726698247493,183
43.028277158597234,-81.25726698247493,206
43.02873165590624,-81.25726698247493,276
43.029186153215235,-81.25726698247493,250
43.00691578507424,-81.25544281159495,335
43.007370282383235,-81.25544281159495,230
43.00782477969224,-81.25544281159495,202
43.008279277001236,-81.25544281159495,172
43.008733774310244,-81.25544281159495,164
43.00918827161924,-81.25544281159495,203
43.00964276892823,-81.25544281159495,126
43.01009726623724,-81.25544281159495,268
43.01055176354623,-81.25544281159495,186
43.01100626085524,-81.25544281159495,217
43.01146075816423,-81.25544281159495,210
43.01191525547324,-81.25544281159495,253
43.012369752782234,-81.25544281159495,199
43.01282425009124,-81.25544281159495,249
43.013278747400236,-81.25544281159495,238
43.01373324470924,-81.25544281159495,187
43.01418774201824,-81.25544281159495,142
43.01464223932724,-81.25544281159495,172
43.01509673663624,-81.25544281159495,189
43.01555123394523,-81.25544281159495,92
43.01600573125424,-81.25544281159495,116
43.01646022856323,-81.25544281159495,129
43.01691472587224,-81.25544281159495,203
43.017369223181234,-81.25544281159495,338
43.01782372049024,-81.25544281159495,353
43.018278217799235,-81.25544281159495,331
43.01873271510824,-81.25544281159495,372
43.019187212417236,-81.25544281159495,354
43.019641709726244,-81.25544281159495,304
43.02009620703524,-81.25544281159495,247
43.02055070434423,-81.25544281159495,263
43.02100520165324,-81.25544281159495,306
43.02145969896223,-81.25544281159495,316
43.02191419627124,-81.25544281159495,351
43.02236869358023,-81.25544281159495,254
43.02282319088924,-81.25544281159495,285
43.023277688198235,-81.25544281159495,257
43.02373218550724,-81.25544281159495,234
43.024186682816236,-81.25544281159495,309
43.02464118012524,-81.25544281159495,280
43.02509567743424,-81.25544281159495,237
43.02555017474324,-81.25544281159495,236
43.02600467205224,-81.25544281159495,220
43.02645916936123,-81.25544281159495,214
43.02691366667024,-81.25544281159495,234
43.02736816397923,-81.25544281159495,243
43.02782266128824,-81.25544281159495,183
43.028277158597234,-81.25544281159495,206
43.02873165590624,-81.25544281159495,276
43.029186153215235,-81.25544281159495,250
43.00691578507424,-81.25361864071493,335
43.007370282383235,-81.25361864071493,230
43.00782477969224,-81.25361864071493,202
43.008279277001236,-81.25361864071493,172
43.008733774310244,-81.25361864071493,164
43.00918827161924,-81.25361864071493,203
43.00964276892823,-81.25361864071493,126
43.01009726623724,-81.25361864071493,268
43.01055176354623,-81.25361864071493,186
43.01100626085524,-81.25361864071493,217
43.01146075816423,-81.25361864071493,210
43.01191525547324,-81.25361864071493,253
43.012369752782234,-81.25361864071493,199
43.01282425009124,-81.25361864071493,249
43.013278747400236,-81.25361864071493,238
43.01373324470924,-81.25361864071493,187
43.01418774201824,-81.25361864071493,142
43.01464223932724,-81.25361864071493,172
43.01509673663624,-81.25361864071493,189
43.01555123394523,-81.25361864071493,92
43.01600573125424,-81.25361864071493,116
43.01646022856323,-81.25361864071493,129
43.01691472587224,-81.25361864071493,203
43.017369223181234,-81.25361864071493,338
43.01782372049024,-81.25361864071493,353
43.018278217799235,-81.25361864071493,331
43.01873271510824,-81.25361864071493,372
43.019187212417236,-81.25361864071493,354
43.019641709726244,-81.25361864071493,304
43.02009620703524,-81.25361864071493,247
43.02055070434423,-81.25361864071493,263
43.02100520165324,-81.25361864071493,306
43.02145969896223,-81.25361864071493,316
43.02191419627124,-81.25361864071493,351
43.02236869358023,-81.25361864071493,254
43.02282319088924,-81.25361864071493,285
43.023277688198235,-81.25361864071493,257
43.02373218550724,-81.25361864071493,234
43.024186682816236,-81.25361864071493,309
43.02464118012524,-81.25361864071493,280
43.02509567743424,-81.25361864071493,237
43.02555017474324,-81.25361864071493,236
43.02600467205224,-81.25361864071493,220
43.02645916936123,-81.25361864071493,214
43.02691366667024,-81.25361864071493,234
43.02736816397923,-81.25361864071493,243
43.02782266128824,-81.25361864071493,183
43.028277158597234,-81.25361864071493,206
43.02873165590624,-81.25361864071493,276
43.029186153215235,-81.25361864071493,250
43.00691578507424,-81.25179446983495,335
43.007370282383235,-81.25179446983495,230
43.00782477969224,-81.25179446983495,202
43.008279277001236,-81.25179446983495,172
43.008733774310244,-81.25179446983495,164
43.00918827161924,-81.25179446983495,203
43.00964276892823,-81.25179446983495,126
43.01009726623724,-81.25179446983495,268
43.01055176354623,-81.25179446983495,186
43.01100626085524,-81.25179446983495,217
43.01146075816423,-81.25179446983495,210
43.01191525547324,-81.25179446983495,253
43.012369752782234,-81.25179446983495,199
43.01282425009124,-81.25179446983495,249
43.013278747400236,-81.25179446983495,238
43.01373324470924,-81.25179446983495,187
43.01418774201824,-81.25179446983495,142
43.01464223932724,-81.25179446983495,172
43.01509673663624,-81.25179446983495,189
43.01555123394523,-81.25179446983495,92
43.01600573125424,-81.25179446983495,116
43.01646022856323,-81.25179446983495,129
43.01691472587224,-81.25179446983495,203
43.017369223181234,-81.25179446983495,338
43.01782372049024,-81.25179446983495,353
43.018278217799235,-81.25179446983495,331
43.01873271510824,-81.25179446983495,372
43.019187212417236,-81.25179446983495,354
43.019641709726244,-81.25179446983495,304
43.02009620703524,-81.25179446983495,247
43.02055070434423,-81.25179446983495,263
43.02100520165324,-81.25179446983495,306
43.02145969896223,-81.25179446983495,316
43.02191419627124,-81.25179446983495,351
43.02236869358023,-81.25179446983495,254
43.02282319088924,-81.25179446983495,285
43.023277688198235,-81.25179446983495,257
43.02373218550724,-81.25179446983495,234
43.024186682816236,-81.25179446983495,309
43.02464118012524,-81.25179446983495,280
43.02509567743424,-81.25179446983495,237
43.02555017474324,-81.25179446983495,236
43.02600467205224,-81.25179446983495,220
43.02645916936123,-81.25179446983495,214
43.02691366667024,-81.25179446983495,234
43.02736816397923,-81.25179446983495,243
43.02782266128824,-81.25179446983495,183
43.028277158597234,-81.25179446983495,206
43.02873165590624,-81.25179446983495,276
43.029186153215235,-81.25179446983495,250
43.00691578507424,-81.24997029895493,335
43.007370282383235,-81.24997029895493,230
43.00782477969224,-81.24997029895493,202
43.008279277001236,-81.24997029895493,172
43.008733774310244,-81.24997029895493,164
43.00918827161924,-81.24997029895493,203
43.00964276892823,-81.24997029895493,126
43.01009726623724,-81.24997029895493,268
43.01055176354623,-81.24997029895493,186
43.01100626085524,-81.24997029895493,217
43.01146075816423,-81.24997029895493,210
43.01191525547324,-81.24997029895493,253
43.012369752782234,-81.24997029895493,199
43.01282425009124,-81.24997029895493,249
43.013278747400236,-81.24997029895493,238
43.01373324470924,-81.24997029895493,187
43.01418774201824,-81.24997029895493,142
43.01464223932724,-81.24997029895493,172
43.01509673663624,-81.24997029895493,189
43.01555123394523,-81.24997029895493,92
43.01600573125424,-81.24997029895493,116
43.01646022856323,-81.24997029895493,129
43.01691472587224,-81.24997029895493,203
43.017369223181234,-81.24997029895493,338
43.01782372049024,-81.24997029895493,353
43.018278217799235,-81.24997029895493,331
43.01873271510824,-81.24997029895493,372
43.019187212417236,-81.24997029895493,354
43.019641709726244,-81.24997029895493,304
43.02009620703524,-81.24997029895493,247
43.02055070434423,-81.24997029895493,263
43.02100520165324,-81.24997029895493,306
43.02145969896223,-81.24997029895493,316
43.02191419627124,-81.24997029895493,351
43.02236869358023,-81.24997029895493,254
43.02282319088924,-81.24997029895493,285
43.023277688198235,-81.24997029895493,257
43.02373218550724,-81.24997029895493,234
43.024186682816236,-81.24997029895493,309
43.02464118012524,-81.24997029895493,280
43.02509567743424,-81.24997029895493,237
43.02555017474324,-81.24997029895493,236
43.02600467205224,-81.24997029895493,220
43.02645916936123,-81.24997029895493,214
43.02691366667024,-81.24997029895493,234
43.02736816397923,-81.24997029895493,243
43.02782266128824,-81.24997029895493,183
43.028277158597234,-81.24997029895493,206
43.02873165590624,-81.24997029895493,276
43.029186153215235,-81.24997029895493,250
